[{"model": "HEPY_new.questionnaire", "pk": 1, "fields": {"name": "HEPY", "introText": "Pozdravljeni v za\u010detnem oknu spletnega vpra\u0161alnika, ki vam bo pomagal oceniti, kak\u0161na je verjetnost, da imate spolno prenosljivo oku\u017ebo. Ko boste odgovorili na zastavljena vpra\u0161anja o va\u0161em spolnem vedenju in morebitnih zdravstvenih te\u017eavah, bo sistem podal oceno stopnje tveganja. Vpra\u0161alnik ni nadomestilo za pregled pri zdravniku. Ob vsakem tveganem spolnem vedenju se posvetujte s strokovnjakom.<br>Vpra\u0161alniku boste namenili najve\u010d pet minut. Nadaljujte s klikom gumba Naprej.", "consentQuestionText": "Ali se strinjate, da se va\u0161i odgovori anonimno shranijo v podatkovni sistem?\nS tem pripomorete k bolj\u0161emu razumevanju simptomov spolno prenosljivih oku\u017eb.", "consentAcceptText": "Da", "consentRefuseText": "Ne", "consentShowOrder": 1000000}}, {"model": "HEPY_new.question", "pk": 1, "fields": {"questionnaire": 1, "text": "Spol?", "order": 1, "type": "radio"}}, {"model": "HEPY_new.question", "pk": 2, "fields": {"questionnaire": 1, "text": "Starost?", "order": 2, "type": "radio"}}, {"model": "HEPY_new.question", "pk": 3, "fields": {"questionnaire": 1, "text": "Ali ste \u017ee kdaj imeli spolne odnose (genitalne, oralne, analne)?", "order": 3, "type": "radio"}}, {"model": "HEPY_new.question", "pk": 4, "fields": {"questionnaire": 1, "text": "Ali imate stalnega partnerja/partnerko?", "order": 4, "type": "radio"}}, {"model": "HEPY_new.question", "pk": 5, "fields": {"questionnaire": 1, "text": "\u0160tevilo spolnih partnerjev/partnerk v zadnjem letu?", "order": 5, "type": "radio"}}, {"model": "HEPY_new.question", "pk": 6, "fields": {"questionnaire": 1, "text": "Ali ste imeli v zadnjih 3 mesecih novega spolnega partnerja/partnerko?", "order": 6, "type": "radio"}}, {"model": "HEPY_new.question", "pk": 7, "fields": {"questionnaire": 1, "text": "Kak\u0161nega spola so osebe, s katerimi ste imeli spolne odnose?", "order": 7, "type": "radio"}}, {"model": "HEPY_new.question", "pk": 8, "fields": {"questionnaire": 1, "text": "Kak\u0161ne vrste spolnih odnosov ste imeli?", "order": 8, "type": "checkbox"}}, {"model": "HEPY_new.question", "pk": 9, "fields": {"questionnaire": 1, "text": "Ali ste pri spolnih odnosih (genitalni, oralni, analni) VEDNO in pravilno uporabljali kondom?", "order": 9, "type": "radio"}}, {"model": "HEPY_new.question", "pk": 10, "fields": {"questionnaire": 1, "text": "Ali ste nose\u010di?", "order": 10, "type": "radio"}}, {"model": "HEPY_new.question", "pk": 11, "fields": {"questionnaire": 1, "text": "Ali ste imeli spolne odnose z osebo, ki pogosto menja spolne partnerje/partnerke?", "order": 11, "type": "radio"}}, {"model": "HEPY_new.question", "pk": 12, "fields": {"questionnaire": 1, "text": "Ali ste imeli spolne odnose z osebo, ki u\u017eiva droge?", "order": 12, "type": "radio"}}, {"model": "HEPY_new.question", "pk": 13, "fields": {"questionnaire": 1, "text": "Ali ste imeli spolne odnose z osebo, ki je imela znake spolno prenosljive oku\u017ebe (izcedek iz spolovila, izpu\u0161\u010daj, ranica v predelu spolovila) ?", "order": 13, "type": "radio"}}, {"model": "HEPY_new.question", "pk": 14, "fields": {"questionnaire": 1, "text": "Ali ste \u017ee kdaj imeli katero od spolno prenosljivih oku\u017eb?", "order": 14, "type": "checkbox"}}, {"model": "HEPY_new.question", "pk": 15, "fields": {"questionnaire": 1, "text": "Ali u\u017eivate droge (njuhate, vbrizgavate)?", "order": 15, "type": "radio"}}, {"model": "HEPY_new.question", "pk": 16, "fields": {"questionnaire": 1, "text": "Ali imate izcedek iz spolovila?", "order": 16, "type": "radio"}}, {"model": "HEPY_new.question", "pk": 17, "fields": {"questionnaire": 1, "text": "Ali imate te\u017eave pri uriniranju?", "order": 17, "type": "checkbox"}}, {"model": "HEPY_new.question", "pk": 18, "fields": {"questionnaire": 1, "text": "Ali ste opazili spremembe na spolovilu?", "order": 18, "type": "radio"}}, {"model": "HEPY_new.question", "pk": 19, "fields": {"questionnaire": 1, "text": "Ali ste opazili spremembe na zadnjiku (anusu)?", "order": 19, "type": "radio"}}, {"model": "HEPY_new.question", "pk": 20, "fields": {"questionnaire": 1, "text": "Ali ste opazili spremembe v ustni votlini?", "order": 20, "type": "radio"}}, {"model": "HEPY_new.question", "pk": 21, "fields": {"questionnaire": 1, "text": "Ali imate bole\u010dine?", "order": 21, "type": "radio"}}, {"model": "HEPY_new.question", "pk": 22, "fields": {"questionnaire": 1, "text": "Ali imate katerega od naslednjih bolezenskih znakov?", "order": 22, "type": "checkbox"}}, {"model": "HEPY_new.answer", "pk": 1, "fields": {"question": 1, "text": "Mo\u0161ki", "order": 1}}, {"model": "HEPY_new.answer", "pk": 2, "fields": {"question": 1, "text": "\u017denski", "order": 2}}, {"model": "HEPY_new.answer", "pk": 3, "fields": {"question": 2, "text": "Manj kot 16", "order": 1}}, {"model": "HEPY_new.answer", "pk": 4, "fields": {"question": 2, "text": "16-24", "order": 2}}, {"model": "HEPY_new.answer", "pk": 5, "fields": {"question": 2, "text": "25-34", "order": 3}}, {"model": "HEPY_new.answer", "pk": 6, "fields": {"question": 2, "text": "35-44", "order": 4}}, {"model": "HEPY_new.answer", "pk": 7, "fields": {"question": 2, "text": "45-59", "order": 5}}, {"model": "HEPY_new.answer", "pk": 8, "fields": {"question": 2, "text": "Ve\u010d kot 60", "order": 6}}, {"model": "HEPY_new.answer", "pk": 9, "fields": {"question": 3, "text": "Da", "order": 1}}, {"model": "HEPY_new.answer", "pk": 10, "fields": {"question": 3, "text": "Ne", "order": 2}}, {"model": "HEPY_new.answer", "pk": 11, "fields": {"question": 4, "text": "Da", "order": 1}}, {"model": "HEPY_new.answer", "pk": 12, "fields": {"question": 4, "text": "Ne", "order": 2}}, {"model": "HEPY_new.answer", "pk": 13, "fields": {"question": 5, "text": "0", "order": 1}}, {"model": "HEPY_new.answer", "pk": 14, "fields": {"question": 5, "text": "1-3", "order": 2}}, {"model": "HEPY_new.answer", "pk": 15, "fields": {"question": 5, "text": "4-5", "order": 3}}, {"model": "HEPY_new.answer", "pk": 16, "fields": {"question": 5, "text": "6 ali ve\u010d", "order": 4}}, {"model": "HEPY_new.answer", "pk": 17, "fields": {"question": 6, "text": "Da", "order": 1}}, {"model": "HEPY_new.answer", "pk": 18, "fields": {"question": 6, "text": "Ne", "order": 2}}, {"model": "HEPY_new.answer", "pk": 19, "fields": {"question": 7, "text": "\u017denske", "order": 1}}, {"model": "HEPY_new.answer", "pk": 20, "fields": {"question": 7, "text": "Mo\u0161ki", "order": 2}}, {"model": "HEPY_new.answer", "pk": 21, "fields": {"question": 7, "text": "Oboje", "order": 3}}, {"model": "HEPY_new.answer", "pk": 22, "fields": {"question": 8, "text": "Genitalne", "order": 1}}, {"model": "HEPY_new.answer", "pk": 23, "fields": {"question": 8, "text": "Oralne", "order": 2}}, {"model": "HEPY_new.answer", "pk": 24, "fields": {"question": 8, "text": "Analne", "order": 3}}, {"model": "HEPY_new.answer", "pk": 25, "fields": {"question": 9, "text": "Da", "order": 1}}, {"model": "HEPY_new.answer", "pk": 26, "fields": {"question": 9, "text": "Ne", "order": 2}}, {"model": "HEPY_new.answer", "pk": 27, "fields": {"question": 10, "text": "Da", "order": 1}}, {"model": "HEPY_new.answer", "pk": 28, "fields": {"question": 10, "text": "Ne", "order": 2}}, {"model": "HEPY_new.answer", "pk": 29, "fields": {"question": 10, "text": "Ne vem", "order": 3}}, {"model": "HEPY_new.answer", "pk": 30, "fields": {"question": 11, "text": "Da", "order": 1}}, {"model": "HEPY_new.answer", "pk": 31, "fields": {"question": 11, "text": "Ne", "order": 2}}, {"model": "HEPY_new.answer", "pk": 32, "fields": {"question": 11, "text": "Ne vem", "order": 3}}, {"model": "HEPY_new.answer", "pk": 33, "fields": {"question": 12, "text": "Da", "order": 1}}, {"model": "HEPY_new.answer", "pk": 34, "fields": {"question": 12, "text": "Ne", "order": 2}}, {"model": "HEPY_new.answer", "pk": 35, "fields": {"question": 12, "text": "Ne vem", "order": 3}}, {"model": "HEPY_new.answer", "pk": 36, "fields": {"question": 13, "text": "Da", "order": 1}}, {"model": "HEPY_new.answer", "pk": 37, "fields": {"question": 13, "text": "Ne", "order": 2}}, {"model": "HEPY_new.answer", "pk": 38, "fields": {"question": 13, "text": "Ne vem", "order": 3}}, {"model": "HEPY_new.answer", "pk": 39, "fields": {"question": 14, "text": "Ne", "order": 1}}, {"model": "HEPY_new.answer", "pk": 40, "fields": {"question": 14, "text": "Da, gonorejo", "order": 2}}, {"model": "HEPY_new.answer", "pk": 41, "fields": {"question": 14, "text": "Da, klamidijsko oku\u017ebo", "order": 3}}, {"model": "HEPY_new.answer", "pk": 42, "fields": {"question": 14, "text": "Da, trihomonoza", "order": 4}}, {"model": "HEPY_new.answer", "pk": 43, "fields": {"question": 14, "text": "Da, sifilis", "order": 5}}, {"model": "HEPY_new.answer", "pk": 44, "fields": {"question": 14, "text": "Da, geniralni herpes", "order": 6}}, {"model": "HEPY_new.answer", "pk": 45, "fields": {"question": 14, "text": "Da, genitalne bradavice", "order": 7}}, {"model": "HEPY_new.answer", "pk": 46, "fields": {"question": 14, "text": "Da, hepatitis B", "order": 8}}, {"model": "HEPY_new.answer", "pk": 47, "fields": {"question": 14, "text": "Da, hepatitis C", "order": 9}}, {"model": "HEPY_new.answer", "pk": 48, "fields": {"question": 14, "text": "Da, HIV/aids", "order": 10}}, {"model": "HEPY_new.answer", "pk": 49, "fields": {"question": 15, "text": "Da", "order": 1}}, {"model": "HEPY_new.answer", "pk": 50, "fields": {"question": 15, "text": "Ne", "order": 2}}, {"model": "HEPY_new.answer", "pk": 51, "fields": {"question": 16, "text": "Ne", "order": 1}}, {"model": "HEPY_new.answer", "pk": 52, "fields": {"question": 16, "text": "Da, prozoren", "order": 2}}, {"model": "HEPY_new.answer", "pk": 53, "fields": {"question": 16, "text": "Da, belkast", "order": 3}}, {"model": "HEPY_new.answer", "pk": 54, "fields": {"question": 16, "text": "Da, gnojen, rumen", "order": 4}}, {"model": "HEPY_new.answer", "pk": 55, "fields": {"question": 16, "text": "Da, gost, bel, sirast", "order": 5}}, {"model": "HEPY_new.answer", "pk": 56, "fields": {"question": 17, "text": "Ne", "order": 1}}, {"model": "HEPY_new.answer", "pk": 57, "fields": {"question": 17, "text": "Da, peko\u010de uriniranje", "order": 2}}, {"model": "HEPY_new.answer", "pk": 58, "fields": {"question": 17, "text": "Da, pogosto uriniranje", "order": 3}}, {"model": "HEPY_new.answer", "pk": 59, "fields": {"question": 17, "text": "Da, pogosto me sili na uriniranje", "order": 4}}, {"model": "HEPY_new.answer", "pk": 60, "fields": {"question": 18, "text": "Ne", "order": 1}}, {"model": "HEPY_new.answer", "pk": 61, "fields": {"question": 18, "text": "Da, izpu\u0161\u010daj", "order": 2}}, {"model": "HEPY_new.answer", "pk": 62, "fields": {"question": 18, "text": "Da, mehur\u010dek", "order": 3}}, {"model": "HEPY_new.answer", "pk": 63, "fields": {"question": 18, "text": "Da, ranico", "order": 4}}, {"model": "HEPY_new.answer", "pk": 64, "fields": {"question": 18, "text": "Da, bradavico", "order": 5}}, {"model": "HEPY_new.answer", "pk": 65, "fields": {"question": 19, "text": "Ne", "order": 1}}, {"model": "HEPY_new.answer", "pk": 66, "fields": {"question": 19, "text": "Da, srbe\u010dico", "order": 2}}, {"model": "HEPY_new.answer", "pk": 67, "fields": {"question": 19, "text": "Da, mehur\u010dek", "order": 3}}, {"model": "HEPY_new.answer", "pk": 68, "fields": {"question": 19, "text": "Da, ranico", "order": 4}}, {"model": "HEPY_new.answer", "pk": 69, "fields": {"question": 19, "text": "Da, bradavico", "order": 5}}, {"model": "HEPY_new.answer", "pk": 70, "fields": {"question": 19, "text": "Da, izcedek", "order": 6}}, {"model": "HEPY_new.answer", "pk": 71, "fields": {"question": 20, "text": "Ne", "order": 1}}, {"model": "HEPY_new.answer", "pk": 72, "fields": {"question": 20, "text": "Da, razjedo", "order": 2}}, {"model": "HEPY_new.answer", "pk": 73, "fields": {"question": 20, "text": "Da, obloge po sluznici", "order": 3}}, {"model": "HEPY_new.answer", "pk": 74, "fields": {"question": 21, "text": "Ne", "order": 1}}, {"model": "HEPY_new.answer", "pk": 75, "fields": {"question": 21, "text": "Da, boli spolovilo", "order": 2}}, {"model": "HEPY_new.answer", "pk": 76, "fields": {"question": 21, "text": "Da, boli zadnjik", "order": 3}}, {"model": "HEPY_new.answer", "pk": 77, "fields": {"question": 21, "text": "Da, boli \u017erelo", "order": 4}}, {"model": "HEPY_new.answer", "pk": 78, "fields": {"question": 21, "text": "Da, boli spodnji del trebuha", "order": 5}}, {"model": "HEPY_new.answer", "pk": 79, "fields": {"question": 22, "text": "Vro\u010dina", "order": 1}}, {"model": "HEPY_new.answer", "pk": 80, "fields": {"question": 22, "text": "Glavobol", "order": 2}}, {"model": "HEPY_new.answer", "pk": 81, "fields": {"question": 22, "text": "Splo\u0161no slabo po\u010dutje", "order": 3}}, {"model": "HEPY_new.answer", "pk": 82, "fields": {"question": 22, "text": "Pove\u010dane bezgavke", "order": 4}}, {"model": "HEPY_new.answer", "pk": 83, "fields": {"question": 22, "text": "Bole\u010dine v mi\u0161icah in sklepih", "order": 5}}, {"model": "HEPY_new.answer", "pk": 84, "fields": {"question": 22, "text": "Zlatenica", "order": 6}}, {"model": "HEPY_new.answer", "pk": 85, "fields": {"question": 22, "text": "Ni\u010d od na\u0161tetega", "order": 7}}, {"model": "HEPY_new.answer", "pk": 86, "fields": {"question": 23, "text": "Da", "order": 1}}, {"model": "HEPY_new.answer", "pk": 87, "fields": {"question": 23, "text": "Ne", "order": 2}}, {"model": "HEPY_new.disable", "pk": 1, "fields": {"question": 10, "requiredAnswers": [1]}}, {"model": "HEPY_new.disable", "pk": 2, "fields": {"question": 4, "requiredAnswers": [10]}}, {"model": "HEPY_new.disable", "pk": 3, "fields": {"question": 5, "requiredAnswers": [10]}}, {"model": "HEPY_new.disable", "pk": 4, "fields": {"question": 6, "requiredAnswers": [10]}}, {"model": "HEPY_new.disable", "pk": 5, "fields": {"question": 7, "requiredAnswers": [10]}}, {"model": "HEPY_new.disable", "pk": 6, "fields": {"question": 8, "requiredAnswers": [10]}}, {"model": "HEPY_new.disable", "pk": 7, "fields": {"question": 9, "requiredAnswers": [10]}}, {"model": "HEPY_new.disable", "pk": 8, "fields": {"question": 10, "requiredAnswers": [10]}}, {"model": "HEPY_new.disable", "pk": 9, "fields": {"question": 11, "requiredAnswers": [10]}}, {"model": "HEPY_new.disable", "pk": 10, "fields": {"question": 12, "requiredAnswers": [10]}}, {"model": "HEPY_new.disable", "pk": 11, "fields": {"question": 13, "requiredAnswers": [10]}}, {"model": "HEPY_new.disable", "pk": 12, "fields": {"question": 14, "requiredAnswers": [10]}}, {"model": "HEPY_new.disable", "pk": 13, "fields": {"question": 15, "requiredAnswers": [10]}}, {"model": "HEPY_new.user", "pk": 1, "fields": {"answeredWith": [2, 3, 10, 51, 56, 60, 65, 71, 74, 85]}}, {"model": "HEPY_new.answerweight", "pk": 1, "fields": {"answer": 13, "type": "semafor", "value": 1.0}}, {"model": "HEPY_new.answerweight", "pk": 2, "fields": {"answer": 14, "type": "semafor", "value": 1.0}}, {"model": "HEPY_new.answerweight", "pk": 3, "fields": {"answer": 15, "type": "semafor", "value": 1.0}}, {"model": "HEPY_new.answerweight", "pk": 4, "fields": {"answer": 16, "type": "semafor", "value": 1.0}}, {"model": "HEPY_new.answerweight", "pk": 5, "fields": {"answer": 17, "type": "semafor", "value": 2.0}}, {"model": "HEPY_new.answerweight", "pk": 6, "fields": {"answer": 18, "type": "semafor", "value": 1.0}}, {"model": "HEPY_new.answerweight", "pk": 7, "fields": {"answer": 19, "type": "semafor", "value": 1.0}}, {"model": "HEPY_new.answerweight", "pk": 8, "fields": {"answer": 20, "type": "semafor", "value": 2.0}}, {"model": "HEPY_new.answerweight", "pk": 9, "fields": {"answer": 21, "type": "semafor", "value": 2.0}}, {"model": "HEPY_new.answerweight", "pk": 10, "fields": {"answer": 22, "type": "semafor", "value": 1.0}}, {"model": "HEPY_new.answerweight", "pk": 11, "fields": {"answer": 23, "type": "semafor", "value": 1.0}}, {"model": "HEPY_new.answerweight", "pk": 12, "fields": {"answer": 24, "type": "semafor", "value": 1.0}}, {"model": "HEPY_new.answerweight", "pk": 13, "fields": {"answer": 25, "type": "semafor", "value": 1.0}}, {"model": "HEPY_new.answerweight", "pk": 14, "fields": {"answer": 26, "type": "semafor", "value": 4.0}}, {"model": "HEPY_new.answerweight", "pk": 15, "fields": {"answer": 27, "type": "semafor", "value": 4.0}}, {"model": "HEPY_new.answerweight", "pk": 16, "fields": {"answer": 28, "type": "semafor", "value": 1.0}}, {"model": "HEPY_new.answerweight", "pk": 17, "fields": {"answer": 29, "type": "semafor", "value": 1.0}}, {"model": "HEPY_new.answerweight", "pk": 18, "fields": {"answer": 30, "type": "semafor", "value": 3.0}}, {"model": "HEPY_new.answerweight", "pk": 19, "fields": {"answer": 31, "type": "semafor", "value": 1.0}}, {"model": "HEPY_new.answerweight", "pk": 20, "fields": {"answer": 32, "type": "semafor", "value": 2.0}}, {"model": "HEPY_new.answerweight", "pk": 21, "fields": {"answer": 33, "type": "semafor", "value": 4.0}}, {"model": "HEPY_new.answerweight", "pk": 22, "fields": {"answer": 34, "type": "semafor", "value": 1.0}}, {"model": "HEPY_new.answerweight", "pk": 23, "fields": {"answer": 35, "type": "semafor", "value": 2.0}}, {"model": "HEPY_new.answerweight", "pk": 24, "fields": {"answer": 36, "type": "semafor", "value": 3.0}}, {"model": "HEPY_new.answerweight", "pk": 25, "fields": {"answer": 37, "type": "semafor", "value": 2.0}}, {"model": "HEPY_new.answerweight", "pk": 26, "fields": {"answer": 38, "type": "semafor", "value": 2.0}}, {"model": "HEPY_new.answerweight", "pk": 27, "fields": {"answer": 39, "type": "semafor", "value": 1.0}}, {"model": "HEPY_new.answerweight", "pk": 28, "fields": {"answer": 40, "type": "semafor", "value": 4.0}}, {"model": "HEPY_new.answerweight", "pk": 29, "fields": {"answer": 41, "type": "semafor", "value": 4.0}}, {"model": "HEPY_new.answerweight", "pk": 30, "fields": {"answer": 42, "type": "semafor", "value": 4.0}}, {"model": "HEPY_new.answerweight", "pk": 31, "fields": {"answer": 43, "type": "semafor", "value": 4.0}}, {"model": "HEPY_new.answerweight", "pk": 32, "fields": {"answer": 44, "type": "semafor", "value": 4.0}}, {"model": "HEPY_new.answerweight", "pk": 33, "fields": {"answer": 45, "type": "semafor", "value": 4.0}}, {"model": "HEPY_new.answerweight", "pk": 34, "fields": {"answer": 46, "type": "semafor", "value": 4.0}}, {"model": "HEPY_new.answerweight", "pk": 35, "fields": {"answer": 47, "type": "semafor", "value": 4.0}}, {"model": "HEPY_new.answerweight", "pk": 36, "fields": {"answer": 48, "type": "semafor", "value": 4.0}}, {"model": "HEPY_new.answerweight", "pk": 37, "fields": {"answer": 49, "type": "semafor", "value": 4.0}}, {"model": "HEPY_new.answerweight", "pk": 38, "fields": {"answer": 50, "type": "semafor", "value": 1.0}}, {"model": "HEPY_new.answerweight", "pk": 39, "fields": {"answer": 51, "type": "semafor", "value": 1.0}}, {"model": "HEPY_new.answerweight", "pk": 40, "fields": {"answer": 52, "type": "semafor", "value": 3.0}}, {"model": "HEPY_new.answerweight", "pk": 41, "fields": {"answer": 53, "type": "semafor", "value": 3.0}}, {"model": "HEPY_new.answerweight", "pk": 42, "fields": {"answer": 54, "type": "semafor", "value": 3.0}}, {"model": "HEPY_new.answerweight", "pk": 43, "fields": {"answer": 55, "type": "semafor", "value": 3.0}}, {"model": "HEPY_new.answerweight", "pk": 44, "fields": {"answer": 56, "type": "semafor", "value": 1.0}}, {"model": "HEPY_new.answerweight", "pk": 45, "fields": {"answer": 57, "type": "semafor", "value": 3.0}}, {"model": "HEPY_new.answerweight", "pk": 46, "fields": {"answer": 58, "type": "semafor", "value": 3.0}}, {"model": "HEPY_new.answerweight", "pk": 47, "fields": {"answer": 59, "type": "semafor", "value": 3.0}}, {"model": "HEPY_new.answerweight", "pk": 48, "fields": {"answer": 60, "type": "semafor", "value": 1.0}}, {"model": "HEPY_new.answerweight", "pk": 49, "fields": {"answer": 61, "type": "semafor", "value": 3.0}}, {"model": "HEPY_new.answerweight", "pk": 50, "fields": {"answer": 62, "type": "semafor", "value": 3.0}}, {"model": "HEPY_new.answerweight", "pk": 51, "fields": {"answer": 63, "type": "semafor", "value": 3.0}}, {"model": "HEPY_new.answerweight", "pk": 52, "fields": {"answer": 64, "type": "semafor", "value": 3.0}}, {"model": "HEPY_new.answerweight", "pk": 53, "fields": {"answer": 65, "type": "semafor", "value": 1.0}}, {"model": "HEPY_new.answerweight", "pk": 54, "fields": {"answer": 66, "type": "semafor", "value": 3.0}}, {"model": "HEPY_new.answerweight", "pk": 55, "fields": {"answer": 67, "type": "semafor", "value": 3.0}}, {"model": "HEPY_new.answerweight", "pk": 56, "fields": {"answer": 68, "type": "semafor", "value": 3.0}}, {"model": "HEPY_new.answerweight", "pk": 57, "fields": {"answer": 69, "type": "semafor", "value": 3.0}}, {"model": "HEPY_new.answerweight", "pk": 58, "fields": {"answer": 71, "type": "semafor", "value": 1.0}}, {"model": "HEPY_new.answerweight", "pk": 59, "fields": {"answer": 72, "type": "semafor", "value": 3.0}}, {"model": "HEPY_new.answerweight", "pk": 60, "fields": {"answer": 73, "type": "semafor", "value": 3.0}}, {"model": "HEPY_new.answerweight", "pk": 61, "fields": {"answer": 74, "type": "semafor", "value": 1.0}}, {"model": "HEPY_new.answerweight", "pk": 62, "fields": {"answer": 75, "type": "semafor", "value": 2.0}}, {"model": "HEPY_new.answerweight", "pk": 63, "fields": {"answer": 76, "type": "semafor", "value": 2.0}}, {"model": "HEPY_new.answerweight", "pk": 64, "fields": {"answer": 77, "type": "semafor", "value": 2.0}}, {"model": "HEPY_new.answerweight", "pk": 65, "fields": {"answer": 78, "type": "semafor", "value": 2.0}}]