[{"model": "HEPY_new.questionnaire", "pk": 1, "fields": {"name": "HEPY", "introText": "Pozdravljeni v za\u010detnem oknu spletnega vpra\u0161alnika, ki vam bo pomagal oceniti, kak\u0161na je verjetnost, da ste oku\u017eeni s katerimkoli od hepatitisov. Ko boste odgovorili na zastavljena vpra\u0161anja o va\u0161em spolnem vedenju in morebitnih zdravstvenih te\u017eavah, bo sistem podal oceno stopnje tveganja. Vpra\u0161alnik ni nadomestilo za pregled pri zdravniku. Ob vsakem tveganem dejavniku se posvetujte s strokovnjakom.<br>Vpra\u0161alnik vam ne bo vzel veliko \u010dasa. Nadaljujte s klikom gumba Naprej.", "consentQuestionText": "Ali se strinjate, da se va\u0161i odgovori anonimno shranijo v podatkovni sistem?\nS tem pripomorete k bolj\u0161emu razumevanju simptomov hepatitisov.", "consentAcceptText": "Da", "consentRefuseText": "Ne", "consentShowOrder": 1000000}}, {"model": "HEPY_new.question", "pk": 1, "fields": {"questionnaire": 1, "text": "Spol?", "order": 10, "type": "radio"}}, {"model": "HEPY_new.question", "pk": 2, "fields": {"questionnaire": 1, "text": "Starost?", "order": 20, "type": "radio"}}, {"model": "HEPY_new.question", "pk": 3, "fields": {"questionnaire": 1, "text": "Ali ste rojeni pred letom 1993?", "order": 30, "type": "radio"}}, {"model": "HEPY_new.question", "pk": 4, "fields": {"questionnaire": 1, "text": "Vpra\u0161alnik vsebuje razli\u010dna vpra\u0161anja, glede na vrsto virusnega hepatitisa. Kaj vas najbolj zanima?", "order": 40, "type": "radio"}}, {"model": "HEPY_new.question", "pk": 5, "fields": {"questionnaire": 1, "text": "Ali ste cepljeni proti hepatitisu B?", "order": 50, "type": "radio"}}, {"model": "HEPY_new.question", "pk": 6, "fields": {"questionnaire": 1, "text": "Ali je bilo cepljenje uspe\u0161no (prejeli ste tri odmerke cepiva in imate zadostno koncentracijo protiteles v krvi)?", "order": 60, "type": "radio"}}, {"model": "HEPY_new.question", "pk": 7, "fields": {"questionnaire": 1, "text": "Ali ste se vi ali va\u0161i star\u0161i rodili v dr\u017eavah, kjer je pogosta oku\u017eba z virusom hepatitisa B?\r\n<img class=\"col-md-offset-0 col-md-12\" src=\"img/hepB.png\"/>", "order": 70, "type": "radio"}}, {"model": "HEPY_new.question", "pk": 8, "fields": {"questionnaire": 1, "text": "Ali je/je bil kdo izmed spodaj na\u0161tetih oseb oku\u017een z virusom hepatitisa B in/ali C?", "order": 80, "type": "checkbox"}}, {"model": "HEPY_new.question", "pk": 9, "fields": {"questionnaire": 1, "text": "Ali ste imeli pred letom 1993 katerega od spodaj na\u0161tetih medicinskih postopkov?", "order": 90, "type": "checkbox"}}, {"model": "HEPY_new.question", "pk": 10, "fields": {"questionnaire": 1, "text": "Ali ste imeli opravljeno kaj od na\u0161tetega?", "order": 100, "type": "checkbox"}}, {"model": "HEPY_new.question", "pk": 11, "fields": {"questionnaire": 1, "text": "Ali ste kdaj njuhali ali si injicirali droge?", "order": 110, "type": "checkbox"}}, {"model": "HEPY_new.question", "pk": 12, "fields": {"questionnaire": 1, "text": "Ali ste se kdaj po naklju\u010dju zbodli z \u017ee uporabljeno injekcijsko iglo ali se po\u0161kodovali z okrvavljenim predmetom?", "order": 120, "type": "radio"}}, {"model": "HEPY_new.question", "pk": 13, "fields": {"questionnaire": 1, "text": "Ali ste kdaj souporabljali osebni pribor (zobna \u0161\u010detka, britvice, manikirni pribor) z osebo, ki je oku\u017eena/je bila oku\u017eena z virusom hepatitisa B ali C?", "order": 130, "type": "radio"}}, {"model": "HEPY_new.question", "pk": 14, "fields": {"questionnaire": 1, "text": "Ali ste bili na voja\u0161kem urjenju v tujini oziroma ste odslu\u017eili voja\u0161ki rok v biv\u0161i Jugoslaviji?", "order": 140, "type": "radio"}}, {"model": "HEPY_new.question", "pk": 15, "fields": {"questionnaire": 1, "text": "Ali imate spolne odnose le s svojim stalnim in neoku\u017eenim partnerjem/partnerko?", "order": 150, "type": "radio"}}, {"model": "HEPY_new.question", "pk": 16, "fields": {"questionnaire": 1, "text": "Ali pri vsakem spolnem odnosu uporabljate kondom vedno in pravilno?", "order": 160, "type": "radio"}}, {"model": "HEPY_new.question", "pk": 17, "fields": {"questionnaire": 1, "text": "Ali imate spolne odnose z mo\u0161kimi?", "order": 170, "type": "radio"}}, {"model": "HEPY_new.question", "pk": 18, "fields": {"questionnaire": 1, "text": "Ali ste kdaj imeli/imate katero od spolno prenosljivih oku\u017eb (gonorejo, sifilis, klamidijsko oku\u017ebo, genitalni herpes, genitalne bradavice, trihomonozo, hepatitis B, HIV)?", "order": 180, "type": "radio"}}, {"model": "HEPY_new.question", "pk": 19, "fields": {"questionnaire": 1, "text": "Ali ste/ste bili oku\u017eeni z:", "order": 190, "type": "checkbox"}}, {"model": "HEPY_new.question", "pk": 20, "fields": {"questionnaire": 1, "text": "Ali ste bili kdaj testirani na oku\u017ebo z virusom hepatitisa B ali C?", "order": 200, "type": "checkbox"}}, {"model": "HEPY_new.question", "pk": 21, "fields": {"questionnaire": 1, "text": "Ali ste se rodili dr\u017eavah, kjer je pogosta oku\u017eba z virusom hepatitisa A?\r\n<img class=\"col-md-offset-0 col-md-12\" src=\"img/hepA.png\"/>", "order": 210, "type": "radio"}}, {"model": "HEPY_new.question", "pk": 22, "fields": {"questionnaire": 1, "text": "Ali ste cepljeni proti hepatitisu A?", "order": 220, "type": "radio"}}, {"model": "HEPY_new.question", "pk": 23, "fields": {"questionnaire": 1, "text": "Ali ste v zadnjih dveh mesecih potovali v dr\u017eave, kjer sta endemi\u010dna hepatitisa A ali hepatitisa E? \r\n<img class=\"col-md-offset-0 col-md-12\" src=\"img/hepA.png\"/>\r\n<img class=\"col-md-offset-0 col-md-12\" src=\"img/hepE.png\"/>", "order": 230, "type": "radio"}}, {"model": "HEPY_new.question", "pk": 24, "fields": {"questionnaire": 1, "text": "Ali ste bili cepljeni vsaj en mesec pred potovanjem v dr\u017eave, kjer je endemi\u010den hepatitis A?\r\n<img class=\"col-md-offset-0 col-md-12\" src=\"img/hepA.png\"/>", "order": 240, "type": "radio"}}, {"model": "HEPY_new.question", "pk": 25, "fields": {"questionnaire": 1, "text": "Ali ste na tem potovanju u\u017eivali neustekleni\u010deno vodo, ledene kocke, neolupljeno sadje, surovo ali slabo prekuhano ali slabo prepe\u010deno meso, zelenjavo, morsko hrano?", "order": 250, "type": "radio"}}, {"model": "HEPY_new.question", "pk": 26, "fields": {"questionnaire": 1, "text": "Ali kdaj u\u017eivate kaj od spodaj na\u0161tetega?", "order": 260, "type": "checkbox"}}, {"model": "HEPY_new.question", "pk": 27, "fields": {"questionnaire": 1, "text": "Ali ste kdaj imeli nenormalne krvne teste za oceno delovanja jeter (ALT, AST, bilirubin, protrombinski \u010das, albumini) in vzrok za to ni bil pojasnjen?", "order": 270, "type": "radio"}}, {"model": "HEPY_new.question", "pk": 28, "fields": {"questionnaire": 1, "text": "Ali imate katerega od na\u0161tetih simptomov ali znakov bolezni, ki jih z dosedaj opravljenimi preiskavami niso uspeli pojasniti?", "order": 280, "type": "checkbox"}}, {"model": "HEPY_new.question", "pk": 29, "fields": {"questionnaire": 1, "text": "Ali ste se vi ali va\u0161i star\u0161i rodili v dr\u017eavah, kjer je pogosta oku\u017eba z virusom hepatitisa C?\r\n<img class=\"col-md-offset-0 col-md-12\" src=\"img/hepC.png\"/>", "order": 75, "type": "radio"}}, {"model": "HEPY_new.answer", "pk": 1, "fields": {"question": 1, "text": "Mo\u0161ki", "order": 1}}, {"model": "HEPY_new.answer", "pk": 2, "fields": {"question": 1, "text": "\u017denska", "order": 2}}, {"model": "HEPY_new.answer", "pk": 3, "fields": {"question": 2, "text": "Manj kot 16 let", "order": 1}}, {"model": "HEPY_new.answer", "pk": 4, "fields": {"question": 2, "text": "16 \u2013 24 let", "order": 2}}, {"model": "HEPY_new.answer", "pk": 5, "fields": {"question": 2, "text": "25 \u2013 34 let", "order": 3}}, {"model": "HEPY_new.answer", "pk": 6, "fields": {"question": 2, "text": "35 \u2013 44 let", "order": 4}}, {"model": "HEPY_new.answer", "pk": 7, "fields": {"question": 2, "text": "45 \u2013 59 let", "order": 5}}, {"model": "HEPY_new.answer", "pk": 8, "fields": {"question": 2, "text": "Ve\u010d kot 60 let", "order": 6}}, {"model": "HEPY_new.answer", "pk": 9, "fields": {"question": 3, "text": "Da", "order": 1}}, {"model": "HEPY_new.answer", "pk": 10, "fields": {"question": 3, "text": "Ne", "order": 2}}, {"model": "HEPY_new.answer", "pk": 11, "fields": {"question": 4, "text": "Zaradi \u017eivljenjskega sloga (pogosto menjavanje spolnih partnerk ali partnerjev, u\u017eivanje drog, tetoviranje, \u00bbpiercing\u00ab) me najbolj zanima oku\u017eba, povezana s spolnim prenosom ali s krvjo (hepatitisa B in C)", "order": 1}}, {"model": "HEPY_new.answer", "pk": 12, "fields": {"question": 4, "text": "\u010clan skupnega gospodinjstva ali spolni partner/ka je oku\u017een/a z virusom hepatitisa B in/ali C", "order": 2}}, {"model": "HEPY_new.answer", "pk": 13, "fields": {"question": 4, "text": "Rad/a potujem po svetu, zato me najbolj zanima oku\u017eba, povezana s tamkaj\u0161njim u\u017eivanjem hrane, vode, ipd", "order": 3}}, {"model": "HEPY_new.answer", "pk": 14, "fields": {"question": 4, "text": "Imam zdravstvene te\u017eave, za katere mislim, da bi lahko bile povezane z oku\u017ebo z virusi hepatitisa", "order": 4}}, {"model": "HEPY_new.answer", "pk": 15, "fields": {"question": 4, "text": "Zanimajo me splo\u0161ne informacije o oku\u017ebah z virusi hepatitisa.", "order": 5}}, {"model": "HEPY_new.answer", "pk": 16, "fields": {"question": 5, "text": "Da, cepljen/a sem v okviru rednega programa cepljenja otrok pred vstopom v \u0161olo (rojeni po letu 1992)", "order": 1}}, {"model": "HEPY_new.answer", "pk": 17, "fields": {"question": 5, "text": "Da, cepil/a sem se individualno", "order": 2}}, {"model": "HEPY_new.answer", "pk": 18, "fields": {"question": 5, "text": "Ne", "order": 3}}, {"model": "HEPY_new.answer", "pk": 19, "fields": {"question": 6, "text": "Da", "order": 1}}, {"model": "HEPY_new.answer", "pk": 20, "fields": {"question": 6, "text": "Ne", "order": 2}}, {"model": "HEPY_new.answer", "pk": 21, "fields": {"question": 6, "text": "Ne vem", "order": 3}}, {"model": "HEPY_new.answer", "pk": 22, "fields": {"question": 7, "text": "Da", "order": 1}}, {"model": "HEPY_new.answer", "pk": 23, "fields": {"question": 7, "text": "Ne", "order": 2}}, {"model": "HEPY_new.answer", "pk": 24, "fields": {"question": 8, "text": "Da, dru\u017einski \u010dlan", "order": 1}}, {"model": "HEPY_new.answer", "pk": 25, "fields": {"question": 8, "text": "Da, spolni partner ali partnerka", "order": 2}}, {"model": "HEPY_new.answer", "pk": 26, "fields": {"question": 8, "text": "Da, \u010dlan skupnega gospodinjstva", "order": 3}}, {"model": "HEPY_new.answer", "pk": 27, "fields": {"question": 8, "text": "Da, mati v \u010dasu nose\u010dnosti", "order": 4}}, {"model": "HEPY_new.answer", "pk": 28, "fields": {"question": 8, "text": "Ne", "order": 5}}, {"model": "HEPY_new.answer", "pk": 29, "fields": {"question": 8, "text": "Ne vem", "order": 6}}, {"model": "HEPY_new.answer", "pk": 30, "fields": {"question": 9, "text": "Ve\u010dji operativni poseg ali ve\u010dji poseg pri zobozdravniku", "order": 1}}, {"model": "HEPY_new.answer", "pk": 31, "fields": {"question": 9, "text": "Prejel/a sem transfuzijo krvi in/ali krvnih pripravkov", "order": 2}}, {"model": "HEPY_new.answer", "pk": 32, "fields": {"question": 9, "text": "Imel/a sem zdravljenje s hemodializo", "order": 3}}, {"model": "HEPY_new.answer", "pk": 33, "fields": {"question": 9, "text": "Prejel/a sem transplantiran organ", "order": 4}}, {"model": "HEPY_new.answer", "pk": 34, "fields": {"question": 9, "text": "Ni\u010d od na\u0161tetega", "order": 5}}, {"model": "HEPY_new.answer", "pk": 35, "fields": {"question": 10, "text": "Tetova\u017eo", "order": 1}}, {"model": "HEPY_new.answer", "pk": 36, "fields": {"question": 10, "text": "Prebadanje ko\u017ee ali sluznic (\u00bbpiercing\u00ab)", "order": 2}}, {"model": "HEPY_new.answer", "pk": 37, "fields": {"question": 10, "text": "Akupunkturo", "order": 3}}, {"model": "HEPY_new.answer", "pk": 38, "fields": {"question": 10, "text": "Injiciranje hormonov, steroidov,\u00a0kozmeti\u010dnih pripravkov ali drugo?", "order": 4}}, {"model": "HEPY_new.answer", "pk": 39, "fields": {"question": 10, "text": "Ne", "order": 5}}, {"model": "HEPY_new.answer", "pk": 40, "fields": {"question": 11, "text": "Da, njuhal/a", "order": 1}}, {"model": "HEPY_new.answer", "pk": 41, "fields": {"question": 11, "text": "Da, injiciral/a", "order": 2}}, {"model": "HEPY_new.answer", "pk": 42, "fields": {"question": 11, "text": "Ne", "order": 3}}, {"model": "HEPY_new.answer", "pk": 43, "fields": {"question": 12, "text": "Da", "order": 1}}, {"model": "HEPY_new.answer", "pk": 44, "fields": {"question": 12, "text": "Ne", "order": 2}}, {"model": "HEPY_new.answer", "pk": 45, "fields": {"question": 13, "text": "Da", "order": 1}}, {"model": "HEPY_new.answer", "pk": 46, "fields": {"question": 13, "text": "Ne", "order": 2}}, {"model": "HEPY_new.answer", "pk": 47, "fields": {"question": 13, "text": "Ne vem", "order": 3}}, {"model": "HEPY_new.answer", "pk": 48, "fields": {"question": 14, "text": "Da", "order": 1}}, {"model": "HEPY_new.answer", "pk": 49, "fields": {"question": 14, "text": "Ne", "order": 2}}, {"model": "HEPY_new.answer", "pk": 50, "fields": {"question": 15, "text": "Da", "order": 1}}, {"model": "HEPY_new.answer", "pk": 51, "fields": {"question": 15, "text": "Ne", "order": 2}}, {"model": "HEPY_new.answer", "pk": 52, "fields": {"question": 15, "text": "Ne, nimam spolnih odnosov", "order": 3}}, {"model": "HEPY_new.answer", "pk": 53, "fields": {"question": 16, "text": "Da", "order": 1}}, {"model": "HEPY_new.answer", "pk": 54, "fields": {"question": 16, "text": "Ne", "order": 2}}, {"model": "HEPY_new.answer", "pk": 55, "fields": {"question": 17, "text": "Da", "order": 1}}, {"model": "HEPY_new.answer", "pk": 56, "fields": {"question": 17, "text": "Ne", "order": 2}}, {"model": "HEPY_new.answer", "pk": 57, "fields": {"question": 18, "text": "Da", "order": 1}}, {"model": "HEPY_new.answer", "pk": 58, "fields": {"question": 18, "text": "Ne", "order": 2}}, {"model": "HEPY_new.answer", "pk": 59, "fields": {"question": 19, "text": "Virusom hepatitisa B", "order": 1}}, {"model": "HEPY_new.answer", "pk": 60, "fields": {"question": 19, "text": "Virusom hepatitisa C", "order": 2}}, {"model": "HEPY_new.answer", "pk": 61, "fields": {"question": 19, "text": "Virusom HIV", "order": 3}}, {"model": "HEPY_new.answer", "pk": 62, "fields": {"question": 19, "text": "Nikoli nisem bil/a oku\u017een/a z virusom hepatitisa B ali C ali HIV", "order": 4}}, {"model": "HEPY_new.answer", "pk": 63, "fields": {"question": 19, "text": "Ne vem", "order": 5}}, {"model": "HEPY_new.answer", "pk": 64, "fields": {"question": 20, "text": "Test na oku\u017ebo z virusom hepatitisa B je bil pozitiven in je potrdil trenutno oku\u017ebo (HBsAg pozitiven)", "order": 1}}, {"model": "HEPY_new.answer", "pk": 65, "fields": {"question": 20, "text": "Test na oku\u017ebo z virusom hepatitisa B je bil pozitiven in je potrdil prebolelo oku\u017ebo (anti-HBc in antiHBs pozitiven)", "order": 2}}, {"model": "HEPY_new.answer", "pk": 66, "fields": {"question": 20, "text": "Test na oku\u017ebo z virusom hepatitisa C je bil pozitiven in je potrdil trenutno oku\u017ebo (HCV RNA pozitiven)", "order": 3}}, {"model": "HEPY_new.answer", "pk": 67, "fields": {"question": 20, "text": "Test na oku\u017ebo z virusom hepatitisa C je bil pozitiven (anti-HCV pozitiven), vendar ni potrdil trenutne oku\u017ebe, ampak prebolelo oku\u017ebo (HCV RNA negativen)", "order": 4}}, {"model": "HEPY_new.answer", "pk": 68, "fields": {"question": 20, "text": "Test na oku\u017ebo z virusom hepatitisa B in C je bil negativen", "order": 5}}, {"model": "HEPY_new.answer", "pk": 69, "fields": {"question": 20, "text": "Nikoli nisem bil/a testirana na oku\u017ebo z virusoma hepatitisa B ali C", "order": 6}}, {"model": "HEPY_new.answer", "pk": 70, "fields": {"question": 21, "text": "Da", "order": 1}}, {"model": "HEPY_new.answer", "pk": 71, "fields": {"question": 21, "text": "Ne", "order": 2}}, {"model": "HEPY_new.answer", "pk": 72, "fields": {"question": 22, "text": "Da, prejel/a sem 1 odmerek", "order": 1}}, {"model": "HEPY_new.answer", "pk": 73, "fields": {"question": 22, "text": "Da, prejel/a sem 2 odmerka", "order": 2}}, {"model": "HEPY_new.answer", "pk": 74, "fields": {"question": 22, "text": "Ne", "order": 3}}, {"model": "HEPY_new.answer", "pk": 75, "fields": {"question": 23, "text": "Da", "order": 1}}, {"model": "HEPY_new.answer", "pk": 76, "fields": {"question": 23, "text": "Ne", "order": 2}}, {"model": "HEPY_new.answer", "pk": 77, "fields": {"question": 24, "text": "Da", "order": 1}}, {"model": "HEPY_new.answer", "pk": 78, "fields": {"question": 24, "text": "Ne", "order": 2}}, {"model": "HEPY_new.answer", "pk": 79, "fields": {"question": 25, "text": "Da", "order": 1}}, {"model": "HEPY_new.answer", "pk": 80, "fields": {"question": 25, "text": "Ne", "order": 2}}, {"model": "HEPY_new.answer", "pk": 81, "fields": {"question": 26, "text": "Doma\u010de suhomesne izdelke iz divja\u010dine ali svinjine", "order": 1}}, {"model": "HEPY_new.answer", "pk": 82, "fields": {"question": 26, "text": "Slabo prepe\u010deno ali neprekuhano divja\u010dino ali svinjino", "order": 2}}, {"model": "HEPY_new.answer", "pk": 83, "fields": {"question": 26, "text": "Ne", "order": 3}}, {"model": "HEPY_new.answer", "pk": 84, "fields": {"question": 27, "text": "Da", "order": 1}}, {"model": "HEPY_new.answer", "pk": 85, "fields": {"question": 27, "text": "Ne", "order": 2}}, {"model": "HEPY_new.answer", "pk": 86, "fields": {"question": 27, "text": "Nisem opravil krvnih testov za oceno delovanja jeter", "order": 3}}, {"model": "HEPY_new.answer", "pk": 87, "fields": {"question": 27, "text": "Ne vem", "order": 4}}, {"model": "HEPY_new.answer", "pk": 88, "fields": {"question": 28, "text": "Dlje \u010dasa trajajo\u010de slabo po\u010dutje ali iz\u010drpavajo\u010da utrujenost", "order": 1}}, {"model": "HEPY_new.answer", "pk": 89, "fields": {"question": 28, "text": "Ti\u0161\u010de\u010do bole\u010dino v zgornjem delu trebuha", "order": 2}}, {"model": "HEPY_new.answer", "pk": 90, "fields": {"question": 28, "text": "Spahovanje in napenjanje v trebuhu", "order": 3}}, {"model": "HEPY_new.answer", "pk": 91, "fields": {"question": 28, "text": "Siljenje na bruhanje/bruhanje", "order": 4}}, {"model": "HEPY_new.answer", "pk": 92, "fields": {"question": 28, "text": "Izguba teka in/ali izguba telesne te\u017ee", "order": 5}}, {"model": "HEPY_new.answer", "pk": 93, "fields": {"question": 28, "text": "Zatekanje v trebuh in noge", "order": 6}}, {"model": "HEPY_new.answer", "pk": 94, "fields": {"question": 28, "text": "Zlatenica", "order": 7}}, {"model": "HEPY_new.answer", "pk": 95, "fields": {"question": 28, "text": "Opa\u017eate svetlej\u0161o barvo blata", "order": 8}}, {"model": "HEPY_new.answer", "pk": 96, "fields": {"question": 28, "text": "Opa\u017eate temnej\u0161o barvo urina", "order": 9}}, {"model": "HEPY_new.answer", "pk": 97, "fields": {"question": 28, "text": "Nobena izmed na\u0161tetih trditev zame ne dr\u017ei", "order": 10}}, {"model": "HEPY_new.answer", "pk": 98, "fields": {"question": 29, "text": "Da", "order": 1}}, {"model": "HEPY_new.answer", "pk": 99, "fields": {"question": 29, "text": "Ne", "order": 2}}, {"model": "HEPY_new.comment", "pk": 4, "fields": {"question": 5, "long_text": "Priporo\u010damo vam cepljenje proti hepatitisu B in po tretjem odmerku preverjanje uspe\u0161nosti cepljenja, saj je pri zelo majhnem dele\u017eu cepljenih oseb potrebno dopolniti cepljenje z dodatnimi odmerki.", "short_text": "Niste bili cepljeni proti hepatitisu B, hepatitisu A ali hepatitisoma A in B.", "answersThatEnable": [18]}}, {"model": "HEPY_new.comment", "pk": 6, "fields": {"question": 6, "long_text": "Obi\u0161\u010dite izbranega osebnega zdravnika in ga prosite, da omogo\u010di preverjanje uspe\u0161nosti cepljenja oziroma vam pove, ali je bilo cepljenje uspe\u0161no.", "short_text": "Obi\u0161\u010dite izbranega osebnega zdravnika in ga prosite, da omogo\u010di preverjanje uspe\u0161nosti cepljenja oziroma vam pove, ali je bilo cepljenje uspe\u0161no.", "answersThatEnable": [20, 21]}}, {"model": "HEPY_new.comment", "pk": 7, "fields": {"question": 7, "long_text": "Obstaja ve\u010dja verjetnost oku\u017ebe z virusom hepatitisa B, \u010de ste vi ali va\u0161i star\u0161i rojeni v dr\u017eavah, kjer je ta oku\u017eba pogosta.", "short_text": "Vi ali va\u0161i star\u0161i ste bili rojeni v dr\u017eavah, kjer so oku\u017ebe z virusi hepatitisa pogoste.", "answersThatEnable": [22]}}, {"model": "HEPY_new.comment", "pk": 8, "fields": {"question": 8, "long_text": "Ker se oku\u017eba z virusoma hepatitisa B ali C lahko prenese med neza\u0161\u010ditenim spolnim stikom z oku\u017eeno osebo, z oku\u017eene matere na plod ali novorojenca in pri sobivanju z oku\u017eeno osebo  (zaradi mo\u017ene izpostavljenosti krvi in telesnim teko\u010dinam), vam priporo\u010damo testiranje na oku\u017ebo z virusoma hepatitisa B in C. \u010ce ste bili uspe\u0161no cepljeni proti hepatitisu B, vam svetujemo le testiranje na oku\u017ebo z virusom hepatitisa C.", "short_text": "Dru\u017einski \u010dlan, spolni partner/ka ali \u010dlan skupnega gospodinjstva je oku\u017een z virusom hepatitisa B ali/in C.", "answersThatEnable": [24, 25, 26, 27, 29]}}, {"model": "HEPY_new.comment", "pk": 9, "fields": {"question": 9, "long_text": "Ker ste bili pred letom 1993, ko se je v zdravstvu vzpostavilo rutinsko testiranje na oba virusa, ki se prena\u0161ata z oku\u017eeno krvjo, izpostavljeni medicinskim postopkom, ki lahko predstavljajo tveganje za oku\u017ebo, vam priporo\u010damo testiranje na oku\u017ebo z virusoma hepatitisa B in C. \u010ce ste bili uspe\u0161no cepljeni proti hepatitisu B, vam svetujemo le testiranje na oku\u017ebo z virusom hepatitisa C.", "short_text": "Pred letom 1993 ste bili izpostavljeni medicinskim postopkom, ki lahko predstavljajo tveganje za oku\u017ebo.", "answersThatEnable": [32, 33, 30, 31]}}, {"model": "HEPY_new.comment", "pk": 10, "fields": {"question": 10, "long_text": "\u010ce je bil tak postopek izveden neprofesionalno, oziroma v higiensko neustreznih razmerah, lahko pride do prenosa virusov hepatitisa B in C,  zato vam priporo\u010damo testiranje na oku\u017ebo z virusoma hepatitisa B in C. \u010ce ste bili uspe\u0161no cepljeni proti hepatitisu B, vam svetujemo le testiranje na oku\u017ebo z virusom hepatitisa C.", "short_text": "Imate tetova\u017eo, \u00bbpiercing\u00ab ali pa ste bili na akupunkturi izvedeni v higiensko neustreznih razmerah.", "answersThatEnable": [35, 36, 37, 38]}}, {"model": "HEPY_new.comment", "pk": 11, "fields": {"question": 11, "long_text": "Ker u\u017eivate droge na na\u010din, ki predstavlja ve\u010dje tveganje za prenos virusov hepatitisa B in C (njuhanje ali injiciranje drog), vam priporo\u010damo testiranje na oku\u017ebo z virusoma hepatitisa B in C. \u010ce ste bili uspe\u0161no cepljeni proti hepatitisu B, vam svetujemo le testiranje na oku\u017ebo z virusom hepatitisa C.", "short_text": "Ker u\u017eivate droge na na\u010din, ki predstavlja ve\u010dje tveganje za prenos virusov hepatitisa B in C (njuhanje ali injiciranje drog), vam priporo\u010damo testiranje na oku\u017ebo z virusoma hepatitisa B in C. \u010ce ste bili uspe\u0161no cepljeni proti hepatitisu B, vam svetujemo le testiranje na oku\u017ebo z virusom hepatitisa C.", "answersThatEnable": [40, 41]}}, {"model": "HEPY_new.comment", "pk": 12, "fields": {"question": 12, "long_text": "Ker ste se zbodli z uporabljeno injekcijsko iglo ali se po\u0161kodovali z okrvavljenim predmetom, obstaja mo\u017enost, da ste bili izpostavljeni virusom, ki se prena\u0161ajo s krvjo. Priporo\u010damo vam testiranje na oku\u017ebo z virusoma hepatitisa B in C. \u010ce ste bili uspe\u0161no cepljeni proti hepatitisu B, vam svetujemo le testiranje na oku\u017ebo z virusom hepatitisa C.", "short_text": "Zbodli ste se z uporabljeno injekcijsko iglo ali se po\u0161kodovali z okrvavljenim predmetom.", "answersThatEnable": [43]}}, {"model": "HEPY_new.comment", "pk": 13, "fields": {"question": 13, "long_text": "Pri souporabi osebnega pribora z osebo, ki je oziroma je bila oku\u017eena z virusom hepatitisa B ali C, lahko pride do prenosa oku\u017ebe, zato vam priporo\u010damo testiranje na oku\u017ebo z virusoma hepatitisa B in C. \u010ce ste bili uspe\u0161no cepljeni proti hepatitisu B, vam svetujemo le testiranje na oku\u017ebo z virusom hepatitisa C.", "short_text": "Souporabljate osebni pribor (zobna \u0161\u010detka, britvice, manikirni pribor) z osebo, ki je oziroma je bila oku\u017eena z virusom hepatitisa B ali C.", "answersThatEnable": [45, 47]}}, {"model": "HEPY_new.comment", "pk": 14, "fields": {"question": 14, "long_text": "Ker ste bili na voja\u0161kem urjenju v tujini oziroma ste odslu\u017eili voja\u0161ki rok v Jugoslaviji, kjer je obstajala mo\u017enost prenosa virusa hepatitisa B ali C, vam priporo\u010damo testiranje na oku\u017ebo z virusoma hepatitisa B in C. \u010ce ste bili uspe\u0161no cepljeni proti hepatitisu B, vam svetujemo le testiranje na oku\u017ebo z virusom hepatitisa C.", "short_text": "Bili ste na voja\u0161kem urjenju v tujini oziroma ste odslu\u017eili voja\u0161ki rok v biv\u0161i Jugoslaviji.", "answersThatEnable": [48]}}, {"model": "HEPY_new.comment", "pk": 15, "fields": {"question": 15, "long_text": "Priporo\u010damo, da kondom uporabljate vedno in pravilno pri vsakem spolnem odnosu, ker se ob neza\u0161\u010ditenih spolnih odnosih prena\u0161ajo poleg virusov hepatitisa B in C tudi druge spolno prenosljive oku\u017ebe. Zato vam priporo\u010damo tako testiranje na oku\u017ebo z virusoma hepatitisa B in C, kot tudi na ostale spolno prenosljive oku\u017ebe. \u010ce ste bili uspe\u0161no cepljeni proti hepatitisu B, vam svetujemo le testiranje na oku\u017ebo z virusom hepatitisa C.Ve\u010d o spolno prenosljivih oku\u017ebah si lahko preberete na: https://aspo.mf.uni-lj.si//", "short_text": "Kondoma ne uporabljate vedno in pravilno pri vsakem spolnem odnosu.", "answersThatEnable": [51]}}, {"model": "HEPY_new.comment", "pk": 17, "fields": {"question": 17, "long_text": "Ker imate spolne odnose z mo\u0161kimi, obstaja ve\u010dja mo\u017enost prenosa oku\u017ebe z virusoma hepatitisa B in C, zato vam priporo\u010damo testiranje na oku\u017ebo z virusoma hepatitisa B in C. \u010ce ste bili uspe\u0161no cepljeni proti hepatitisu B, vam svetujemo le testiranje na oku\u017ebo z virusom hepatitisa C.", "short_text": "Imate spolne odnose z mo\u0161kimi.", "answersThatEnable": [55]}}, {"model": "HEPY_new.comment", "pk": 18, "fields": {"question": 18, "long_text": "Ve\u010d o spolno prenosljivih oku\u017ebah si lahko preberete na: https://aspo.mf.uni-lj.si/", "short_text": "Ve\u010d o spolno prenosljivih oku\u017ebah si lahko preberete na: https://aspo.mf.uni-lj.si/", "answersThatEnable": [57, 58]}}, {"model": "HEPY_new.comment", "pk": 19, "fields": {"question": 19, "long_text": "Ker ste/ste bili oku\u017eeni z virusom hepatitis B ali C ali virusom HIV, in zaradi na\u010dina prenosa lahko pride hkrati do vseh na\u0161tetih oku\u017eb, vam priporo\u010damo testiranje na oku\u017ebo z virusoma hepatitisa B in C ter virusom HIV, v kolikor tega \u0161e niste opravili. \u010ce ste bili uspe\u0161no cepljeni proti hepatitisu B, vam svetujemo le testiranje na oku\u017ebo z virusom hepatitisa C.", "short_text": "Ker ste/ste bili oku\u017eeni z virusom hepatitis B ali C ali virusom HIV, in zaradi na\u010dina prenosa lahko pride hkrati do vseh na\u0161tetih oku\u017eb, vam priporo\u010damo testiranje na oku\u017ebo z virusoma hepatitisa B in C ter virusom HIV, v kolikor tega \u0161e niste opravili. \u010ce ste bili uspe\u0161no cepljeni proti hepatitisu B, vam svetujemo le testiranje na oku\u017ebo z virusom hepatitisa C.", "answersThatEnable": [59, 60, 61]}}, {"model": "HEPY_new.comment", "pk": 20, "fields": {"question": 20, "long_text": "V primeru pove\u010danega tveganja za oku\u017ebo, vam priporo\u010damo testiranje na oku\u017ebo z virusoma hepatitisa B in C. \u010ce ste bili uspe\u0161no cepljeni proti hepatitisu B, vam svetujemo le testiranje na oku\u017ebo z virusom hepatitisa C.", "short_text": "V primeru pove\u010danega tveganja za oku\u017ebo, vam priporo\u010damo testiranje na oku\u017ebo z virusoma hepatitisa B in C. \u010ce ste bili uspe\u0161no cepljeni proti hepatitisu B, vam svetujemo le testiranje na oku\u017ebo z virusom hepatitisa C.", "answersThatEnable": [68, 69]}}, {"model": "HEPY_new.comment", "pk": 21, "fields": {"question": 21, "long_text": "Obstaja ve\u010dja verjetnost oku\u017ebe z virusom hepatitisa A, \u010de ste vi rodili v dr\u017eavah, kjer je ta oku\u017eba pogosta.", "short_text": "Obstaja ve\u010dja verjetnost oku\u017ebe z virusom hepatitisa A, \u010de ste vi rodili v dr\u017eavah, kjer je ta oku\u017eba pogosta.", "answersThatEnable": [70]}}, {"model": "HEPY_new.comment", "pk": 22, "fields": {"question": 22, "long_text": "Cepljenje le z enim odmerkom najverjetneje ne nudi za\u0161\u010dite pred hepatitisom A za vse \u017eivljenje.", "short_text": "Cepljenje le z enim odmerkom najverjetneje ne nudi za\u0161\u010dite pred hepatitisom A za vse \u017eivljenje.", "answersThatEnable": [72]}}, {"model": "HEPY_new.comment", "pk": 24, "fields": {"question": 24, "long_text": "Za tvorbo zadostne koli\u010dine protiteles, ki nas nato u\u010dinkovito za\u0161\u010ditijo pred oku\u017ebo z virusom hepatitisa A, telo potrebuje dolo\u010den \u010das, zato je pomembno, da se pred potovanjem pravo\u010dasno cepimo.", "short_text": "Za tvorbo zadostne koli\u010dine protiteles, ki nas nato u\u010dinkovito za\u0161\u010ditijo pred oku\u017ebo z virusom hepatitisa A, telo potrebuje dolo\u010den \u010das, zato je pomembno, da se pred potovanjem pravo\u010dasno cepimo.", "answersThatEnable": [77, 78]}}, {"model": "HEPY_new.comment", "pk": 26, "fields": {"question": 26, "long_text": "\u010ce se vam pojavijo simptomi in znaki oku\u017ebe, kot so slabost in bruhanje, zvi\u0161ana telesna temperatura, ti\u0161\u010de\u010de bole\u010dina v zgornjem delu trebuha, zlatenica, temnej\u0161i se\u010d ali svetlo obarvano blato, in ste nekaj tednov pred tem u\u017eivali termi\u010dno slabo obdelano divja\u010dino ali svinjino, obstaja minimalna mo\u017enost, da ste se oku\u017eili z virusom hepatitisa E. V tem primeru obi\u0161\u010dite svojega osebnega zdravnika.", "short_text": "U\u017eivali ste slabo termi\u010dno obdelano divja\u010dino ali svinjino.", "answersThatEnable": [81, 82]}}, {"model": "HEPY_new.comment", "pk": 27, "fields": {"question": 27, "long_text": "Ker vzrok nenormalnih krvnih testov za oceno delovanja jeter \u0161e ni bil opredeljen, vam priporo\u010damo obisk osebnega zdravnika in testiranje na oku\u017ebe z virusnimi hepatitisi, saj le-ti preko okvare jetrnih celic lahko povzro\u010dijo porast ravni jetrnih encimov v krvi.", "short_text": "Imate nenormalne krvne teste za oceno delovanja jeter.", "answersThatEnable": [84]}}, {"model": "HEPY_new.comment", "pk": 28, "fields": {"question": 28, "long_text": "Ker imate enega ali ve\u010d simptomov in znakov, ki so lahko prisotni pri virusnem hepatitisu, vam priporo\u010damo obisk osebnega zdravnika, ki vas bo napotil na ustrezne preiskave.", "short_text": "Imate simptome in znake, ki so lahko prisotni pri virusnem hepatitisu.", "answersThatEnable": [96, 88, 89, 90, 91, 92, 93, 94, 95]}}, {"model": "HEPY_new.comment", "pk": 29, "fields": {"question": 29, "long_text": "Obstaja ve\u010dja verjetnost oku\u017ebe z virusom hepatitisa C, \u010de ste vi ali va\u0161i star\u0161i rojeni v dr\u017eavah, kjer je ta oku\u017eba pogosta.", "short_text": "Obstaja ve\u010dja verjetnost oku\u017ebe z virusom hepatitisa C, \u010de ste vi ali va\u0161i star\u0161i rojeni v dr\u017eavah, kjer je ta oku\u017eba pogosta.", "answersThatEnable": [98]}}, {"model": "HEPY_new.comment", "pk": 30, "fields": {"question": 20, "long_text": "Ker imate potrjeno trenutno oku\u017ebo z virusom hepatitisa B, vam svetujemo, da se \u010dim prej oglasite pri osebnem zdravniku, ki vas bo napotil do ustreznega specialista.", "short_text": "Ker imate potrjeno trenutno oku\u017ebo z virusom hepatitisa B, vam svetujemo, da se \u010dim prej oglasite pri osebnem zdravniku, ki vas bo napotil do ustreznega specialista.", "answersThatEnable": [64]}}, {"model": "HEPY_new.comment", "pk": 31, "fields": {"question": 20, "long_text": "Ker imate potrjeno trenutno oku\u017ebo z virusom hepatitisa C, vam svetujemo, da se \u010dim prej oglasite pri osebnem zdravniku, ki vas bo napotil do ustrezenga specialista.", "short_text": "Ker imate potrjeno trenutno oku\u017ebo z virusom hepatitisa C, vam svetujemo, da se \u010dim prej oglasite pri osebnem zdravniku, ki vas bo napotil do ustrezenga specialista.", "answersThatEnable": [66]}}, {"model": "HEPY_new.comment", "pk": 32, "fields": {"question": 23, "long_text": "V kolikor na\u010drtujete potovanja v obmo\u010dja kjer sta endemi\u010dna hepatitis A in E, vam svetujemo, da obi\u0161\u010dete eno izmed ambulant za potnike in se pozanimate o cepljenju in ostalih preventivnih ukrepih.", "short_text": "V kolikor na\u010drtujete potovanja v obmo\u010dja kjer sta endemi\u010dna hepatitis A in E, vam svetujemo, da obi\u0161\u010dete eno izmed ambulant za potnike in se pozanimate o cepljenju in ostalih preventivnih ukrepih.", "answersThatEnable": [76]}}, {"model": "HEPY_new.comment", "pk": 33, "fields": {"question": 22, "long_text": "Pred potovanji v podro\u010dja, kjer je veliko tveganje za oku\u017ebo z virusom hepatitisa A, vam priporo\u010damo pravo\u010dasno cepljenje (vsaj en mesec pred odhodom), z vsaj enim odmerkom cepiva, za trajno za\u0161\u010dito pa z dvema odmerkoma.", "short_text": "Pred potovanji v podro\u010dja, kjer je veliko tveganje za oku\u017ebo z virusom hepatitisa A, vam priporo\u010damo pravo\u010dasno cepljenje (vsaj en mesec pred odhodom), z vsaj enim odmerkom cepiva, za trajno za\u0161\u010dito pa z dvema odmerkoma.", "answersThatEnable": [74]}}, {"model": "HEPY_new.disable", "pk": 1, "fields": {"question": 6, "requiredAnswers": [18]}}, {"model": "HEPY_new.disable", "pk": 2, "fields": {"question": 9, "requiredAnswers": [10]}}, {"model": "HEPY_new.disable", "pk": 3, "fields": {"question": 17, "requiredAnswers": [2]}}, {"model": "HEPY_new.disable", "pk": 4, "fields": {"question": 14, "requiredAnswers": [10]}}, {"model": "HEPY_new.disable", "pk": 5, "fields": {"question": 24, "requiredAnswers": [76]}}, {"model": "HEPY_new.disable", "pk": 6, "fields": {"question": 25, "requiredAnswers": [76]}}, {"model": "HEPY_new.disable", "pk": 7, "fields": {"question": 16, "requiredAnswers": [52]}}, {"model": "HEPY_new.disable", "pk": 8, "fields": {"question": 17, "requiredAnswers": [52]}}, {"model": "HEPY_new.answerweight", "pk": 1, "fields": {"answer": 18, "type": "risk", "value": 1.0}}, {"model": "HEPY_new.answerweight", "pk": 2, "fields": {"answer": 20, "type": "risk", "value": 1.0}}, {"model": "HEPY_new.answerweight", "pk": 3, "fields": {"answer": 21, "type": "risk", "value": 1.0}}, {"model": "HEPY_new.answerweight", "pk": 4, "fields": {"answer": 22, "type": "risk", "value": 1.0}}, {"model": "HEPY_new.answerweight", "pk": 5, "fields": {"answer": 24, "type": "risk", "value": 1.0}}, {"model": "HEPY_new.answerweight", "pk": 6, "fields": {"answer": 25, "type": "risk", "value": 1.0}}, {"model": "HEPY_new.answerweight", "pk": 7, "fields": {"answer": 26, "type": "risk", "value": 1.0}}, {"model": "HEPY_new.answerweight", "pk": 8, "fields": {"answer": 27, "type": "risk", "value": 1.0}}, {"model": "HEPY_new.answerweight", "pk": 9, "fields": {"answer": 29, "type": "risk", "value": 1.0}}, {"model": "HEPY_new.answerweight", "pk": 10, "fields": {"answer": 30, "type": "risk", "value": 1.0}}, {"model": "HEPY_new.answerweight", "pk": 11, "fields": {"answer": 31, "type": "risk", "value": 1.0}}, {"model": "HEPY_new.answerweight", "pk": 12, "fields": {"answer": 32, "type": "risk", "value": 1.0}}, {"model": "HEPY_new.answerweight", "pk": 13, "fields": {"answer": 33, "type": "risk", "value": 1.0}}, {"model": "HEPY_new.answerweight", "pk": 14, "fields": {"answer": 35, "type": "risk", "value": 1.0}}, {"model": "HEPY_new.answerweight", "pk": 15, "fields": {"answer": 36, "type": "risk", "value": 1.0}}, {"model": "HEPY_new.answerweight", "pk": 16, "fields": {"answer": 37, "type": "risk", "value": 1.0}}, {"model": "HEPY_new.answerweight", "pk": 17, "fields": {"answer": 38, "type": "risk", "value": 1.0}}, {"model": "HEPY_new.answerweight", "pk": 18, "fields": {"answer": 40, "type": "risk", "value": 1.0}}, {"model": "HEPY_new.answerweight", "pk": 19, "fields": {"answer": 41, "type": "risk", "value": 1.0}}, {"model": "HEPY_new.answerweight", "pk": 20, "fields": {"answer": 43, "type": "risk", "value": 1.0}}, {"model": "HEPY_new.answerweight", "pk": 21, "fields": {"answer": 45, "type": "risk", "value": 1.0}}, {"model": "HEPY_new.answerweight", "pk": 22, "fields": {"answer": 47, "type": "risk", "value": 1.0}}, {"model": "HEPY_new.answerweight", "pk": 23, "fields": {"answer": 48, "type": "risk", "value": 1.0}}, {"model": "HEPY_new.answerweight", "pk": 24, "fields": {"answer": 51, "type": "risk", "value": 1.0}}, {"model": "HEPY_new.answerweight", "pk": 25, "fields": {"answer": 54, "type": "risk", "value": 1.0}}, {"model": "HEPY_new.answerweight", "pk": 26, "fields": {"answer": 55, "type": "risk", "value": 1.0}}, {"model": "HEPY_new.answerweight", "pk": 27, "fields": {"answer": 57, "type": "risk", "value": 1.0}}, {"model": "HEPY_new.answerweight", "pk": 28, "fields": {"answer": 59, "type": "risk", "value": 1.0}}, {"model": "HEPY_new.answerweight", "pk": 29, "fields": {"answer": 60, "type": "risk", "value": 1.0}}, {"model": "HEPY_new.answerweight", "pk": 30, "fields": {"answer": 61, "type": "risk", "value": 1.0}}, {"model": "HEPY_new.answerweight", "pk": 31, "fields": {"answer": 63, "type": "risk", "value": 1.0}}, {"model": "HEPY_new.answerweight", "pk": 32, "fields": {"answer": 64, "type": "risk", "value": 1.0}}, {"model": "HEPY_new.answerweight", "pk": 33, "fields": {"answer": 65, "type": "risk", "value": 1.0}}, {"model": "HEPY_new.answerweight", "pk": 34, "fields": {"answer": 66, "type": "risk", "value": 1.0}}, {"model": "HEPY_new.answerweight", "pk": 35, "fields": {"answer": 67, "type": "risk", "value": 1.0}}, {"model": "HEPY_new.answerweight", "pk": 36, "fields": {"answer": 69, "type": "risk", "value": 1.0}}, {"model": "HEPY_new.answerweight", "pk": 37, "fields": {"answer": 70, "type": "risk", "value": 1.0}}, {"model": "HEPY_new.answerweight", "pk": 38, "fields": {"answer": 74, "type": "risk", "value": 1.0}}, {"model": "HEPY_new.answerweight", "pk": 39, "fields": {"answer": 75, "type": "risk", "value": 1.0}}, {"model": "HEPY_new.answerweight", "pk": 40, "fields": {"answer": 78, "type": "risk", "value": 1.0}}, {"model": "HEPY_new.answerweight", "pk": 41, "fields": {"answer": 79, "type": "risk", "value": 1.0}}, {"model": "HEPY_new.answerweight", "pk": 42, "fields": {"answer": 81, "type": "risk", "value": 1.0}}, {"model": "HEPY_new.answerweight", "pk": 43, "fields": {"answer": 82, "type": "risk", "value": 1.0}}, {"model": "HEPY_new.answerweight", "pk": 44, "fields": {"answer": 84, "type": "risk", "value": 1.0}}, {"model": "HEPY_new.answerweight", "pk": 45, "fields": {"answer": 86, "type": "risk", "value": 1.0}}, {"model": "HEPY_new.answerweight", "pk": 46, "fields": {"answer": 87, "type": "risk", "value": 1.0}}, {"model": "HEPY_new.answerweight", "pk": 47, "fields": {"answer": 88, "type": "risk", "value": 1.0}}, {"model": "HEPY_new.answerweight", "pk": 48, "fields": {"answer": 89, "type": "risk", "value": 1.0}}, {"model": "HEPY_new.answerweight", "pk": 49, "fields": {"answer": 90, "type": "risk", "value": 1.0}}, {"model": "HEPY_new.answerweight", "pk": 50, "fields": {"answer": 91, "type": "risk", "value": 1.0}}, {"model": "HEPY_new.answerweight", "pk": 51, "fields": {"answer": 92, "type": "risk", "value": 1.0}}, {"model": "HEPY_new.answerweight", "pk": 52, "fields": {"answer": 93, "type": "risk", "value": 1.0}}, {"model": "HEPY_new.answerweight", "pk": 53, "fields": {"answer": 94, "type": "risk", "value": 1.0}}, {"model": "HEPY_new.answerweight", "pk": 54, "fields": {"answer": 95, "type": "risk", "value": 1.0}}, {"model": "HEPY_new.answerweight", "pk": 55, "fields": {"answer": 96, "type": "risk", "value": 1.0}}, {"model": "HEPY_new.answerweight", "pk": 56, "fields": {"answer": 98, "type": "risk", "value": 1.0}}, {"model": "HEPY_new.answerweight", "pk": 57, "fields": {"answer": 72, "type": "not_a_b", "value": 0.0}}, {"model": "HEPY_new.answerweight", "pk": 58, "fields": {"answer": 73, "type": "not_a_b", "value": 0.0}}, {"model": "HEPY_new.answerweight", "pk": 59, "fields": {"answer": 74, "type": "not_a_b", "value": 1.0}}, {"model": "HEPY_new.answerweight", "pk": 60, "fields": {"answer": 16, "type": "not_a_b", "value": 0.0}}, {"model": "HEPY_new.answerweight", "pk": 61, "fields": {"answer": 17, "type": "not_a_b", "value": 0.0}}, {"model": "HEPY_new.answerweight", "pk": 62, "fields": {"answer": 18, "type": "not_a_b", "value": 1.0}}]